rule,activation_rate,global_rate,dominance
"HAND WARMER BIRD DESIGN, HAND WARMER SCOTTY DOG DESIGN → HAND WARMER OWL DESIGN",0.86290556,0.90615773,0.9522686
"HAND WARMER BIRD DESIGN, HAND WARMER OWL DESIGN → HAND WARMER SCOTTY DOG DESIGN",1.075979,1.1299801,0.9522106
"JUMBO STORAGE BAG SUKI, SUKI  SHOULDER BAG → DOTCOM POSTAGE",0.23456244,0.24939932,0.94050956
"WOODEN STAR CHRISTMAS SCANDINAVIAN, WOODEN TREE CHRISTMAS SCANDINAVIAN → WOODEN HEART CHRISTMAS SCANDINAVIAN",1.236821,1.3158017,0.93997526
"WOODEN HEART CHRISTMAS SCANDINAVIAN, WOODEN STAR CHRISTMAS SCANDINAVIAN → WOODEN TREE CHRISTMAS SCANDINAVIAN",1.9899023,2.1263506,0.93582976
"WOODEN HEART CHRISTMAS SCANDINAVIAN, WOODEN TREE CHRISTMAS SCANDINAVIAN → WOODEN STAR CHRISTMAS SCANDINAVIAN",1.358715,1.4672978,0.92599815
"JUMBO STORAGE BAG SUKI, RED TOADSTOOL LED NIGHT LIGHT → DOTCOM POSTAGE",0.19926195,0.21595167,0.9227155
"JUMBO BAG APPLES, JUMBO BAG VINTAGE LEAF → JUMBO BAG PEARS",0.9085284,0.98722994,0.9202804
"JUMBO BAG RED RETROSPOT, SUKI  SHOULDER BAG → DOTCOM POSTAGE",0.21037698,0.23239908,0.9052402
"BATHROOM METAL SIGN, JUMBO BAG RED RETROSPOT → DOTCOM POSTAGE",0.27624947,0.3081009,0.8966201
"GREEN REGENCY TEACUP AND SAUCER, RED TOADSTOOL LED NIGHT LIGHT → DOTCOM POSTAGE",0.16612898,0.18528405,0.8966178
"JUMBO BAG RED RETROSPOT, RED TOADSTOOL LED NIGHT LIGHT → DOTCOM POSTAGE",0.268502,0.29990405,0.895293
"CHARLOTTE BAG PINK POLKADOT, PACK OF 72 RETROSPOT CAKE CASES → WOODLAND CHARLOTTE BAG",0.3025338,0.33859977,0.89348495
"GREEN REGENCY TEACUP AND SAUCER, JUMBO BAG RED RETROSPOT → DOTCOM POSTAGE",0.33516786,0.3808079,0.8801494
"GREEN REGENCY TEACUP AND SAUCER, JAM MAKING SET PRINTED → DOTCOM POSTAGE",0.3797905,0.43431857,0.87445146
"JAM MAKING SET PRINTED, SUKI  SHOULDER BAG → DOTCOM POSTAGE",0.10378666,0.12539996,0.82764506
"GREEN REGENCY TEACUP AND SAUCER, SUKI  SHOULDER BAG → DOTCOM POSTAGE",0.058381464,0.08778247,0.6650697
"DOTCOM POSTAGE, SUKI  SHOULDER BAG → SKULL SHOULDER BAG",0.006707006,0.012966853,0.51724243
"DOTCOM POSTAGE, JAM MAKING SET PRINTED → SUKI  SHOULDER BAG",0.0066219564,0.012802435,0.51724195
"HERB MARKER BASIL, HERB MARKER PARSLEY → HERB MARKER ROSEMARY",0.018961525,2.1077251,0.008996204
"HERB MARKER BASIL, HERB MARKER PARSLEY → HERB MARKER MINT",0.018497182,2.0561104,0.008996201
"HERB MARKER BASIL, HERB MARKER PARSLEY → HERB MARKER THYME",0.019043967,2.1168904,0.008996199
"HERB MARKER PARSLEY, HERB MARKER ROSEMARY → HERB MARKER MINT",0.018632675,2.0891776,0.008918664
"HERB MARKER PARSLEY, HERB MARKER ROSEMARY → HERB MARKER THYME",0.019674683,2.206013,0.008918662
"HERB MARKER PARSLEY, HERB MARKER ROSEMARY → HERB MARKER BASIL",0.018514968,2.0759833,0.00891865
"HERB MARKER BASIL, HERB MARKER MINT → HERB MARKER ROSEMARY",0.019055393,2.1549923,0.008842441
"HERB MARKER PARSLEY, HERB MARKER THYME → HERB MARKER ROSEMARY",0.019589512,2.2153971,0.008842438
"HERB MARKER PARSLEY, HERB MARKER THYME → HERB MARKER MINT",0.01853409,2.096039,0.008842436
"HERB MARKER PARSLEY, HERB MARKER THYME → HERB MARKER BASIL",0.018514968,2.0938797,0.008842423
"HERB MARKER BASIL, HERB MARKER MINT → HERB MARKER THYME",0.018626526,2.1064966,0.008842419
"HERB MARKER BASIL, HERB MARKER MINT → HERB MARKER PARSLEY",0.018996399,2.1483266,0.008842416
"HERB MARKER ROSEMARY, HERB MARKER THYME → HERB MARKER BASIL",0.01848397,2.143971,0.008621371
"HERB MARKER ROSEMARY, HERB MARKER THYME → HERB MARKER MINT",0.018213917,2.1126482,0.008621368
"HERB MARKER ROSEMARY, HERB MARKER THYME → HERB MARKER PARSLEY",0.019198056,2.2268016,0.008621359
SKULL LUNCH BOX WITH CUTLERY  → STRAWBERRY LUNCH BOX WITH CUTLERY,0.0,1e-06,0.0
SET OF 6 TEA TIME BAKING CASES → SET OF 12 MINI LOAF BAKING CASES,0.0,1e-06,0.0
SET OF 12 MINI LOAF BAKING CASES → SET OF 6 TEA TIME BAKING CASES,0.0,1e-06,0.0
SET OF 3 WOODEN HEART DECORATIONS → SET OF 3 WOODEN SLEIGH DECORATIONS,0.0,1e-06,0.0
SET OF 3 WOODEN SLEIGH DECORATIONS → SET OF 3 WOODEN HEART DECORATIONS,0.0,1e-06,0.0
SMALL MARSHMALLOWS PINK BOWL → SMALL DOLLY MIX DESIGN ORANGE BOWL,0.0,1e-06,0.0
FELTCRAFT PRINCESS CHARLOTTE DOLL → FELTCRAFT PRINCESS LOLA DOLL,0.0,1e-06,0.0
SMALL DOLLY MIX DESIGN ORANGE BOWL → SMALL MARSHMALLOWS PINK BOWL,0.0,1e-06,0.0
RED STRIPE CERAMIC DRAWER KNOB → RED SPOT CERAMIC DRAWER KNOB,0.0,1e-06,0.0
FELTCRAFT PRINCESS LOLA DOLL → FELTCRAFT PRINCESS CHARLOTTE DOLL,0.0,1e-06,0.0
SET OF 6 SNACK LOAF BAKING CASES → SET OF 12 FAIRY CAKE BAKING CASES,0.0,1e-06,0.0
SET OF 12 FAIRY CAKE BAKING CASES → SET OF 6 SNACK LOAF BAKING CASES,0.0,1e-06,0.0
WOODEN STAR CHRISTMAS SCANDINAVIAN → WOODEN HEART CHRISTMAS SCANDINAVIAN,0.0,1e-06,0.0
WOODEN HEART CHRISTMAS SCANDINAVIAN → WOODEN STAR CHRISTMAS SCANDINAVIAN,0.0,1e-06,0.0
RED STRIPE CERAMIC DRAWER KNOB → BLUE STRIPE CERAMIC DRAWER KNOB,0.0,1e-06,0.0
BLUE STRIPE CERAMIC DRAWER KNOB → RED STRIPE CERAMIC DRAWER KNOB,0.0,1e-06,0.0
RED SPOT CERAMIC DRAWER KNOB → RED STRIPE CERAMIC DRAWER KNOB,0.0,1e-06,0.0
SET OF 60 PANTRY DESIGN CAKE CASES  → SET OF 60 VINTAGE LEAF CAKE CASES ,0.0,1e-06,0.0
SMALL CHOCOLATES PINK BOWL → SMALL DOLLY MIX DESIGN ORANGE BOWL,0.0,1e-06,0.0
SMALL DOLLY MIX DESIGN ORANGE BOWL → SMALL CHOCOLATES PINK BOWL,0.0,1e-06,0.0
SET OF 3 WOODEN HEART DECORATIONS → SET OF 3 WOODEN TREE DECORATIONS,0.0,1e-06,0.0
SET OF 3 WOODEN TREE DECORATIONS → SET OF 3 WOODEN HEART DECORATIONS,0.0,1e-06,0.0
"DOTCOM POSTAGE, SKULL SHOULDER BAG → SUKI  SHOULDER BAG",0.0,0.007871183,0.0
SET OF 3 WOODEN STOCKING DECORATION → SET OF 3 WOODEN HEART DECORATIONS,0.0,1e-06,0.0
SET OF 3 WOODEN HEART DECORATIONS → SET OF 3 WOODEN STOCKING DECORATION,0.0,1e-06,0.0
PINK VINTAGE PAISLEY PICNIC BAG → SCANDINAVIAN PAISLEY PICNIC BAG,0.0,1e-06,0.0
SCANDINAVIAN PAISLEY PICNIC BAG → PINK VINTAGE PAISLEY PICNIC BAG,0.0,1e-06,0.0
BLUE SPOT CERAMIC DRAWER KNOB → RED SPOT CERAMIC DRAWER KNOB,0.0,1e-06,0.0
RED SPOT CERAMIC DRAWER KNOB → BLUE SPOT CERAMIC DRAWER KNOB,0.0,1e-06,0.0
RED SPOT CERAMIC DRAWER KNOB → WHITE SPOT RED CERAMIC DRAWER KNOB,0.0,1e-06,0.0
WHITE SPOT RED CERAMIC DRAWER KNOB → RED SPOT CERAMIC DRAWER KNOB,0.0,1e-06,0.0
BLUE SPOT CERAMIC DRAWER KNOB → WHITE SPOT BLUE CERAMIC DRAWER KNOB,0.0,1e-06,0.0
WHITE SPOT BLUE CERAMIC DRAWER KNOB → BLUE SPOT CERAMIC DRAWER KNOB,0.0,1e-06,0.0
RED STRIPE CERAMIC DRAWER KNOB → WHITE SPOT RED CERAMIC DRAWER KNOB,0.0,1e-06,0.0
SET OF 60 VINTAGE LEAF CAKE CASES  → SET OF 60 PANTRY DESIGN CAKE CASES ,0.0,1e-06,0.0
WHITE SPOT RED CERAMIC DRAWER KNOB → RED STRIPE CERAMIC DRAWER KNOB,0.0,1e-06,0.0
MODERN FLORAL STATIONERY SET → FLORAL FOLK STATIONERY SET,0.0,1e-06,0.0
WOODEN TREE CHRISTMAS SCANDINAVIAN → WOODEN HEART CHRISTMAS SCANDINAVIAN,0.0,1e-06,0.0
"RECYCLING BAG RETROSPOT , SUKI  SHOULDER BAG → DOTCOM POSTAGE",0.0,1e-06,0.0
VINTAGE PAISLEY STATIONERY SET → MODERN FLORAL STATIONERY SET,0.0,1e-06,0.0
MODERN FLORAL STATIONERY SET → VINTAGE PAISLEY STATIONERY SET,0.0,1e-06,0.0
CHRISTMAS CRAFT WHITE FAIRY  → CHRISTMAS CRAFT LITTLE FRIENDS,0.0,1e-06,0.0
CHRISTMAS CRAFT LITTLE FRIENDS → CHRISTMAS CRAFT WHITE FAIRY ,0.0,1e-06,0.0
FLORAL FOLK STATIONERY SET → VINTAGE PAISLEY STATIONERY SET,0.0,1e-06,0.0
VINTAGE PAISLEY STATIONERY SET → FLORAL FOLK STATIONERY SET,0.0,1e-06,0.0
FELTCRAFT CUSHION RABBIT → FELTCRAFT CUSHION OWL,0.0,1e-06,0.0
FELTCRAFT CUSHION OWL → FELTCRAFT CUSHION RABBIT,0.0,1e-06,0.0
TOILET METAL SIGN → BATHROOM METAL SIGN,0.0,1e-06,0.0
CHRISTMAS CRAFT WHITE FAIRY  → CHRISTMAS CRAFT TREE TOP ANGEL,0.0,1e-06,0.0
CHRISTMAS CRAFT TREE TOP ANGEL → CHRISTMAS CRAFT WHITE FAIRY ,0.0,1e-06,0.0
CHRISTMAS CRAFT LITTLE FRIENDS → CHRISTMAS CRAFT TREE TOP ANGEL,0.0,1e-06,0.0
CHRISTMAS CRAFT TREE TOP ANGEL → CHRISTMAS CRAFT LITTLE FRIENDS,0.0,1e-06,0.0
STRAWBERRY LUNCH BOX WITH CUTLERY → SKULL LUNCH BOX WITH CUTLERY ,0.0,1e-06,0.0
SUKI  SHOULDER BAG → SKULL SHOULDER BAG,0.0,1e-06,0.0
BATHROOM METAL SIGN → TOILET METAL SIGN,0.0,1e-06,0.0
SMALL HEART MEASURING SPOONS → LARGE HEART MEASURING SPOONS,0.0,1e-06,0.0
WOODEN HEART CHRISTMAS SCANDINAVIAN → WOODEN TREE CHRISTMAS SCANDINAVIAN,0.0,1e-06,0.0
LARGE HEART MEASURING SPOONS → SMALL HEART MEASURING SPOONS,0.0,1e-06,0.0
BLUE STRIPE CERAMIC DRAWER KNOB → BLUE SPOT CERAMIC DRAWER KNOB,0.0,1e-06,0.0
BLUE SPOT CERAMIC DRAWER KNOB → BLUE STRIPE CERAMIC DRAWER KNOB,0.0,1e-06,0.0
SKULL SHOULDER BAG → SUKI  SHOULDER BAG,0.0,1e-06,0.0
FLORAL FOLK STATIONERY SET → MODERN FLORAL STATIONERY SET,0.0,1e-06,0.0
SET OF 12 MINI LOAF BAKING CASES → SET OF 12 FAIRY CAKE BAKING CASES,0.0,1e-06,0.0
SET OF 12 FAIRY CAKE BAKING CASES → SET OF 12 MINI LOAF BAKING CASES,0.0,1e-06,0.0
SET OF 12 FAIRY CAKE BAKING CASES → SET OF 6 TEA TIME BAKING CASES,0.0,1e-06,0.0
SET OF 6 TEA TIME BAKING CASES → SET OF 12 FAIRY CAKE BAKING CASES,0.0,1e-06,0.0
BLUE SPOT CERAMIC DRAWER KNOB → RED STRIPE CERAMIC DRAWER KNOB,0.0,1e-06,0.0
RED STRIPE CERAMIC DRAWER KNOB → BLUE SPOT CERAMIC DRAWER KNOB,0.0,1e-06,0.0
BATHROOM METAL SIGN → KITCHEN METAL SIGN,0.0,1e-06,0.0
KITCHEN METAL SIGN → BATHROOM METAL SIGN,0.0,1e-06,0.0
BEADED CRYSTAL HEART PINK ON STICK → DOTCOM POSTAGE,0.0,1e-06,0.0
SET OF 12 MINI LOAF BAKING CASES → SET OF 6 SNACK LOAF BAKING CASES,0.0,1e-06,0.0
"JUMBO BAG RED RETROSPOT, ROSES REGENCY TEACUP AND SAUCER  → DOTCOM POSTAGE",0.0,1e-06,0.0
SET OF 6 SNACK LOAF BAKING CASES → SET OF 12 MINI LOAF BAKING CASES,0.0,1e-06,0.0
BLUE HAPPY BIRTHDAY BUNTING → PINK HAPPY BIRTHDAY BUNTING,0.0,1e-06,0.0
FELTCRAFT CUSHION BUTTERFLY → FELTCRAFT CUSHION RABBIT,0.0,1e-06,0.0
HERB MARKER CHIVES  → HERB MARKER ROSEMARY,0.0,1e-06,0.0
"HERB MARKER BASIL, HERB MARKER ROSEMARY → HERB MARKER MINT",0.0,2.0950153,0.0
HERB MARKER CHIVES  → HERB MARKER MINT,0.0,1e-06,0.0
HERB MARKER MINT → HERB MARKER CHIVES ,0.0,1e-06,0.0
"HERB MARKER MINT, HERB MARKER PARSLEY → HERB MARKER BASIL",0.0,2.0448258,0.0
HERB MARKER PARSLEY → HERB MARKER MINT,0.0,1e-06,0.0
HERB MARKER MINT → HERB MARKER PARSLEY,0.0,1e-06,0.0
"HERB MARKER BASIL, HERB MARKER THYME → HERB MARKER MINT",0.0,2.0337584,0.0
HERB MARKER ROSEMARY → HERB MARKER BASIL,0.0,1e-06,0.0
HERB MARKER BASIL → HERB MARKER ROSEMARY,0.0,1e-06,0.0
HERB MARKER PARSLEY → HERB MARKER BASIL,0.0,1e-06,0.0
HERB MARKER BASIL → HERB MARKER PARSLEY,0.0,1e-06,0.0
HERB MARKER ROSEMARY → HERB MARKER MINT,0.0,1e-06,0.0
HERB MARKER MINT → HERB MARKER ROSEMARY,0.0,1e-06,0.0
HERB MARKER THYME → HERB MARKER BASIL,0.0,1e-06,0.0
HERB MARKER BASIL → HERB MARKER THYME,0.0,1e-06,0.0
HERB MARKER MINT → HERB MARKER BASIL,0.0,1e-06,0.0
HERB MARKER BASIL → HERB MARKER MINT,0.0,1e-06,0.0
HERB MARKER THYME → HERB MARKER MINT,0.0,1e-06,0.0
HERB MARKER MINT → HERB MARKER THYME,0.0,1e-06,0.0
HERB MARKER ROSEMARY → HERB MARKER CHIVES ,0.0,1e-06,0.0
"HERB MARKER MINT, HERB MARKER THYME → HERB MARKER BASIL",0.0,2.0911937,0.0
REGENCY SUGAR BOWL GREEN → REGENCY MILK JUG PINK ,0.0,1e-06,0.0
HERB MARKER PARSLEY → HERB MARKER ROSEMARY,0.0,1e-06,0.0
"HERB MARKER MINT, HERB MARKER THYME → HERB MARKER PARSLEY",0.0,2.1980247,0.0
"HERB MARKER BASIL, HERB MARKER THYME → HERB MARKER ROSEMARY",0.0,2.1753495,0.0
"HERB MARKER BASIL, HERB MARKER ROSEMARY → HERB MARKER THYME",0.0,2.1904361,0.0
"HERB MARKER MINT, HERB MARKER ROSEMARY → HERB MARKER THYME",0.0,2.1969302,0.0
"HERB MARKER MINT, HERB MARKER ROSEMARY → HERB MARKER PARSLEY",0.0,2.1929939,0.0
"HERB MARKER BASIL, HERB MARKER THYME → HERB MARKER PARSLEY",0.0,2.1354544,0.0
HERB MARKER CHIVES  → HERB MARKER PARSLEY,0.0,1e-06,0.0
HERB MARKER PARSLEY → HERB MARKER CHIVES ,0.0,1e-06,0.0
HERB MARKER ROSEMARY → HERB MARKER THYME,0.0,1e-06,0.0
HERB MARKER THYME → HERB MARKER ROSEMARY,0.0,1e-06,0.0
"HERB MARKER MINT, HERB MARKER PARSLEY → HERB MARKER ROSEMARY",0.0,2.1094844,0.0
"HERB MARKER MINT, HERB MARKER PARSLEY → HERB MARKER THYME",0.0,2.107443,0.0
"HERB MARKER BASIL, HERB MARKER ROSEMARY → HERB MARKER PARSLEY",0.0,2.1409569,0.0
HERB MARKER PARSLEY → HERB MARKER THYME,0.0,1e-06,0.0
HERB MARKER THYME → HERB MARKER PARSLEY,0.0,1e-06,0.0
HERB MARKER CHIVES  → HERB MARKER THYME,0.0,1e-06,0.0
HERB MARKER THYME → HERB MARKER CHIVES ,0.0,1e-06,0.0
"HERB MARKER MINT, HERB MARKER ROSEMARY → HERB MARKER BASIL",0.0,2.1323795,0.0
HERB MARKER ROSEMARY → HERB MARKER PARSLEY,0.0,1e-06,0.0
"REGENCY TEA PLATE GREEN , REGENCY TEA PLATE ROSES  → REGENCY TEA PLATE PINK",0.0,1e-06,0.0
REGENCY MILK JUG PINK  → REGENCY SUGAR BOWL GREEN,0.0,1e-06,0.0
FELTCRAFT CUSHION RABBIT → FELTCRAFT CUSHION BUTTERFLY,0.0,1e-06,0.0
POPPY'S PLAYHOUSE LIVINGROOM  → POPPY'S PLAYHOUSE BEDROOM ,0.0,1e-06,0.0
POPPY'S PLAYHOUSE KITCHEN → POPPY'S PLAYHOUSE LIVINGROOM ,0.0,1e-06,0.0
REGENCY SUGAR BOWL GREEN → REGENCY TEAPOT ROSES ,0.0,1e-06,0.0
REGENCY TEAPOT ROSES  → REGENCY SUGAR BOWL GREEN,0.0,1e-06,0.0
"SET/20 RED RETROSPOT PAPER NAPKINS , SET/6 RED SPOTTY PAPER CUPS → SET/6 RED SPOTTY PAPER PLATES",0.0,1e-06,0.0
"SET/20 RED RETROSPOT PAPER NAPKINS , SET/6 RED SPOTTY PAPER PLATES → SET/6 RED SPOTTY PAPER CUPS",0.0,1e-06,0.0
REGENCY TEAPOT ROSES  → REGENCY MILK JUG PINK ,0.0,1e-06,0.0
REGENCY MILK JUG PINK  → REGENCY TEAPOT ROSES ,0.0,1e-06,0.0
POPPY'S PLAYHOUSE BEDROOM  → POPPY'S PLAYHOUSE KITCHEN,0.0,1e-06,0.0
POPPY'S PLAYHOUSE KITCHEN → POPPY'S PLAYHOUSE BEDROOM ,0.0,1e-06,0.0
SMALL MARSHMALLOWS PINK BOWL → SMALL CHOCOLATES PINK BOWL,0.0,1e-06,0.0
SMALL CHOCOLATES PINK BOWL → SMALL MARSHMALLOWS PINK BOWL,0.0,1e-06,0.0
SET/6 RED SPOTTY PAPER PLATES → SET/6 RED SPOTTY PAPER CUPS,0.0,1e-06,0.0
SET/6 RED SPOTTY PAPER CUPS → SET/6 RED SPOTTY PAPER PLATES,0.0,1e-06,0.0
"HERB MARKER MINT, HERB MARKER THYME → HERB MARKER ROSEMARY",0.0,2.2041018,0.0
PINK HAPPY BIRTHDAY BUNTING → BLUE HAPPY BIRTHDAY BUNTING,0.0,1e-06,0.0
"KEY FOB , BACK DOOR  → KEY FOB , SHED",0.0,1e-06,0.0
"KEY FOB , SHED → KEY FOB , BACK DOOR ",0.0,1e-06,0.0
WOODEN TREE CHRISTMAS SCANDINAVIAN → WOODEN STAR CHRISTMAS SCANDINAVIAN,0.0,1e-06,0.0
WOODEN STAR CHRISTMAS SCANDINAVIAN → WOODEN TREE CHRISTMAS SCANDINAVIAN,0.0,1e-06,0.0
POPPY'S PLAYHOUSE LIVINGROOM  → POPPY'S PLAYHOUSE KITCHEN,0.0,1e-06,0.0
POPPY'S PLAYHOUSE BEDROOM  → POPPY'S PLAYHOUSE LIVINGROOM ,0.0,1e-06,0.0
"REGENCY TEA PLATE PINK, REGENCY TEA PLATE ROSES  → REGENCY TEA PLATE GREEN ",0.0,1e-06,0.0
REGENCY TEA PLATE ROSES  → REGENCY TEA PLATE GREEN ,0.0,1e-06,0.0
REGENCY TEA PLATE PINK → REGENCY TEA PLATE GREEN ,0.0,1e-06,0.0
REGENCY TEA PLATE GREEN  → REGENCY TEA PLATE PINK,0.0,1e-06,0.0
JAM JAR WITH GREEN LID → JAM JAR WITH PINK LID,0.0,1e-06,0.0
JAM JAR WITH PINK LID → JAM JAR WITH GREEN LID,0.0,1e-06,0.0
SET OF 3 WOODEN TREE DECORATIONS → SET OF 3 WOODEN STOCKING DECORATION,0.0,1e-06,0.0
SET OF 3 WOODEN STOCKING DECORATION → SET OF 3 WOODEN TREE DECORATIONS,0.0,1e-06,0.0
"POPPY'S PLAYHOUSE BEDROOM , POPPY'S PLAYHOUSE KITCHEN → POPPY'S PLAYHOUSE LIVINGROOM ",0.0,1e-06,0.0
SET OF 3 WOODEN TREE DECORATIONS → SET OF 3 WOODEN SLEIGH DECORATIONS,0.0,1e-06,0.0
SET OF 3 WOODEN SLEIGH DECORATIONS → SET OF 3 WOODEN TREE DECORATIONS,0.0,1e-06,0.0
"REGENCY TEA PLATE GREEN , REGENCY TEA PLATE PINK → REGENCY TEA PLATE ROSES ",0.0,1e-06,0.0
SET OF 3 WOODEN SLEIGH DECORATIONS → SET OF 3 WOODEN STOCKING DECORATION,0.0,1e-06,0.0
SET OF 3 WOODEN STOCKING DECORATION → SET OF 3 WOODEN SLEIGH DECORATIONS,0.0,1e-06,0.0
REGENCY TEA PLATE PINK → REGENCY TEA PLATE ROSES ,0.0,1e-06,0.0
REGENCY TEA PLATE ROSES  → REGENCY TEA PLATE PINK,0.0,1e-06,0.0
"POPPY'S PLAYHOUSE KITCHEN, POPPY'S PLAYHOUSE LIVINGROOM  → POPPY'S PLAYHOUSE BEDROOM ",0.0,1e-06,0.0
"POPPY'S PLAYHOUSE BEDROOM , POPPY'S PLAYHOUSE LIVINGROOM  → POPPY'S PLAYHOUSE KITCHEN",0.0,1e-06,0.0
CHILDRENS CUTLERY POLKADOT PINK → CHILDRENS CUTLERY POLKADOT BLUE,0.0,1e-06,0.0
CHILDRENS CUTLERY POLKADOT BLUE → CHILDRENS CUTLERY POLKADOT PINK,0.0,1e-06,0.0
REGENCY TEA PLATE GREEN  → REGENCY TEA PLATE ROSES ,0.0,1e-06,0.0
"JUMBO BAG WOODLAND ANIMALS, RECYCLING BAG RETROSPOT  → DOTCOM POSTAGE",0.0,1e-06,0.0
